m,SN_7001,Acton Central
m,SN_7002,Anerley
m,SN_7003,Apsley
m,SN_7004,Ashtead
m,SN_7005,Ashurst
m,SN_7006,Balcombe
m,SN_7007,Balham
m,SN_7008,Banbury
m,SN_7009,Banstead
m,SN_7010,Barking
m,SN_7011,Battersea Park
m,SN_7012,Beckenham Junction
m,SN_7013,Belmont
m,SN_7014,Berkhamsted
m,SN_7015,Birkbeck
m,SN_7016,Birmingham New Street
m,SN_7017,Blackhorse Road
m,SN_7018,Bletchley
m,SN_7019,Bookham
m,SN_7020,Boxhill & Westhumble
m,SN_7021,Brighton
m,SN_7022,Brockley
m,SN_7023,Brondesbury
m,SN_7024,Brondesbury Park
m,SN_7025,Burgess Hill
m,SN_7026,Burgess Hill
m,SN_7027,Bushey
m,SN_7028,Buxted
m,SN_7029,Caledonian Road and Barnsbury
m,SN_7030,Camden Road
m,SN_7031,Canonbury
m,SN_7032,Carpenders Park
m,SN_7033,Carshalton Beeches
m,SN_7034,Caterham
m,SN_7035,Charing Cross
m,SN_7036,Cheam
m,SN_7037,Cheddington
m,SN_7038,Chipstead
m,SN_7039,Clandon
m,SN_7040,Clapham Junction
m,SN_7041,Congleton
m,SN_7042,Coulsdon South
m,SN_7043,Cowden
m,SN_7044,Crawley
m,SN_7045,Crouch Hill
m,SN_7046,Crowborough
m,SN_7047,Crystal Palace
m,SN_7048,Dalston Kingsland
m,SN_7049,Dorking
m,SN_7050,Dormans
m,SN_7051,Earlswood
m,SN_7052,East Croydon
m,SN_7053,East Dulwich
m,SN_7054,East Grinstead
m,SN_7055,Edenbridge
m,SN_7056,Edenbridge Town
m,SN_7057,Effingham Junction
m,SN_7058,Elephant and Castle
m,SN_7059,Epsom
m,SN_7060,Epsom Downs
m,SN_7061,Eridge
m,SN_7062,Euston
m,SN_7063,Ewell East
m,SN_7064,Faygate
m,SN_7065,Finchley Road and Frognal
m,SN_7066,Forest Hill
m,SN_7067,Gatwick Airport
m,SN_7068,Gipsy Hill
m,SN_7069,Godstone
m,SN_7070,Gospel Oak
m,SN_7071,Guildford
m,SN_7072,Gunnersbury
m,SN_7073,Hackney Central 
m,SN_7074,Hackney Wick
m,SN_7075,Hampstead Heath
m,SN_7076,Harlesden
m,SN_7077,Harringay Green Lanes
m,SN_7078,Harrow and Wealdstone
m,SN_7079,Hassocks
m,SN_7080,Hatch End
m,SN_7081,Haywards Heath
m,SN_7082,Headstone Lane
m,SN_7083,Hemel Hempstead
m,SN_7084,Hever
m,SN_7085,High Brooms
m,SN_7086,Highbury and Islington
m,SN_7087,Homerton
m,SN_7088,Honor Oak Park
m,SN_7089,Horley
m,SN_7090,Horsham
m,SN_7091,Horsley
m,SN_7092,Hurst Green
m,SN_7093,Ifield
m,SN_7094,Kenley
m,SN_7095,Kensal Green
m,SN_7096,Kensal Rise
m,SN_7097,Kensington (Olympia)
m,SN_7098,Kentish Town West
m,SN_7099,Kenton
m,SN_7100,Kew Gardens
m,SN_7101,Kilburn High Road
m,SN_7102,Kings Langley
m,SN_7103,Kingswood
m,SN_7104,Leamington Spa
m,SN_7105,Leatherhead
m,SN_7106,Leigh
m,SN_7107,Leighton Buzzard
m,SN_7108,Leyton Midland Road
m,SN_7109,Leytonstone High Road
m,SN_7110,Lingfield
m,SN_7111,Littlehaven
m,SN_7112,London Bridge
m,SN_7113,London Charing Cross
m,SN_7114,London Euston
m,SN_7115,London Paddington
m,SN_7116,London Road
m,SN_7117,London Victoria
m,SN_7118,London Waterloo
m,SN_7119,Macclesfield
m,SN_7120,Manchester Piccadilly
m,SN_7122,Merstham
m,SN_7123,Milton Keynes Central
m,SN_7124,Morden South
m,SN_7125,New Cross Gate
m,SN_7126,Norbury
m,SN_7127,North Dulwich
m,SN_7128,North Wembley
m,SN_7129,Northampton
m,SN_7130,Norwood Junction
m,SN_7131,Nutfield
m,SN_7132,Oxford
m,SN_7133,Oxted
m,SN_7134,Paddington
m,SN_7135,Peckham Rye
m,SN_7136,Penge West
m,SN_7137,Penshurst
m,SN_7138,Preston Park
m,SN_7139,Purley
m,SN_7140,Purley Oaks
m,SN_7141,Queens Park
m,SN_7142,Queens Road Peckham
m,SN_7143,Reading
m,SN_7144,Redhill
m,SN_7145,Reedham
m,SN_7146,Reigate
m,SN_7147,Richmond
m,SN_7148,Riddlesdown
m,SN_7149,Salfords
m,SN_7150,Sanderstead
m,SN_7151,Selhurst
m,SN_7152,Shepherd's Bush
m,SN_7153,Smitham
m,SN_7154,South Acton
m,SN_7155,South Bermondsey
m,SN_7156,South Croydon
m,SN_7157,South Hampstead
m,SN_7158,South Kenton
m,SN_7159,South Merton
m,SN_7160,South Tottenham
m,SN_7161,St Helier
m,SN_7162,Stafford
m,SN_7163,Stockport
m,SN_7164,Stoke-On-Trent
m,SN_7165,Stonebridge Park
m,SN_7166,Stratford
m,SN_7167,Streatham
m,SN_7168,Streatham Common
m,SN_7169,Streatham Hill
m,SN_7170,Sutton
m,SN_7171,Sutton Common
m,SN_7172,Sydenham
m,SN_7173,Tadworth
m,SN_7174,Tattenham Corner
m,SN_7175,Thornton Heath
m,SN_7176,Three Bridges
m,SN_7177,Tonbridge
m,SN_7178,Tring
m,SN_7179,Tulse Hill
m,SN_7180,Tunbridge Wells
m,SN_7181,Uckfield
m,SN_7182,Upper Holloway
m,SN_7183,Upper Warlingham
m,SN_7184,Victoria
m,SN_7185,Waddon
m,SN_7186,Wallington
m,SN_7187,Walthamstow Queens Road
m,SN_7188,Wandsworth Common
m,SN_7189,Wanstead Park
m,SN_7190,Waterloo
m,SN_7191,Watford High Street
m,SN_7192,Watford Junction
m,SN_7193,Wembley Central
m,SN_7194,West Brompton
m,SN_7195,West Croydon
m,SN_7196,West Hampstead
m,SN_7197,West Norwood
m,SN_7198,West Sutton
m,SN_7199,Whyteleafe
m,SN_7200,Whyteleafe South
m,SN_7201,Willesden Junction
m,SN_7202,Wimbledon
m,SN_7203,Wimbledon Chase
m,SN_7204,Wivelsfield
m,SN_7205,Woldingham
m,SN_7206,Wolverhampton
m,SN_7207,Wolverton
m,SN_7208,Woodgrange Park
m,SN_7209,Woodmansterne
m,SN_7210,Dalston Junction
m,SN_7211,Haggerston
m,SN_7212,Hoxton
m,SN_7213,Shoreditch High Street
m,SN_7214,Whitechapel
m,SN_7215,Shadwell
m,SN_7216,Wapping
m,SN_7217,Rotherhithe
m,SN_7218,Canada Water
m,SN_7219,Surrey Quays
m,SN_7220,New Cross  
m,SN_7221,Surrey Canal Road
m,SN_7222,Denmark Hill
m,SN_7223,Clapham High Street
m,SN_7224,Wandsworth Road
e,SN_7225,Acton Central
e,SN_7226,Anerley
e,SN_7227,Apsley
e,SN_7228,Ashtead
e,SN_7229,Ashurst
e,SN_7230,Balcombe
e,SN_7231,Balham
e,SN_7232,Banbury
e,SN_7233,Banstead
e,SN_7234,Barking
e,SN_7235,Battersea Park
e,SN_7236,Beckenham Junction
e,SN_7237,Belmont
e,SN_7238,Berkhamsted
e,SN_7239,Birkbeck
e,SN_7240,Birmingham New Street
e,SN_7241,Blackhorse Road
e,SN_7242,Bletchley
e,SN_7243,Bookham
e,SN_7244,Boxhill & Westhumble
e,SN_7245,Brighton
e,SN_7246,Brockley
e,SN_7247,Brondesbury
e,SN_7248,Brondesbury Park
e,SN_7249,Burgess Hill
e,SN_7250,Bushey
e,SN_7251,Buxted
e,SN_7252,Caledonian Road and Barnsbury
e,SN_7253,Camden Road
e,SN_7254,Canonbury
e,SN_7255,Carpenders Park
e,SN_7256,Carshalton Beeches
e,SN_7257,Caterham
e,SN_7258,Charing Cross
e,SN_7259,Cheam
e,SN_7260,Cheddington
e,SN_7261,Chipstead
e,SN_7262,Clandon
e,SN_7263,Clapham Junction
e,SN_7264,Congleton
e,SN_7265,Coulsdon South
e,SN_7266,Cowden
e,SN_7267,Crawley
e,SN_7268,Crouch Hill
e,SN_7269,Crowborough
e,SN_7270,Crystal Palace
e,SN_7271,Dalston Kingsland
e,SN_7272,Dorking
e,SN_7273,Dormans
e,SN_7274,Earlswood
e,SN_7275,East Croydon
e,SN_7276,East Dulwich
e,SN_7277,East Grinstead
e,SN_7278,Edenbridge
e,SN_7279,Edenbridge Town
e,SN_7280,Effingham Junction
e,SN_7281,Elephant and Castle
e,SN_7282,Epsom
e,SN_7283,Epsom Downs
e,SN_7284,Eridge
e,SN_7285,Euston
e,SN_7286,Ewell East
e,SN_7287,Faygate
e,SN_7288,Finchley Road and Frognal
e,SN_7289,Forest Hill
e,SN_7290,Gatwick Airport
e,SN_7291,Gipsy Hill
e,SN_7292,Godstone
e,SN_7293,Gospel Oak
e,SN_7294,Guildford
e,SN_7295,Gunnersbury
e,SN_7296,Hackney Central 
e,SN_7297,Hackney Wick
e,SN_7298,Hampstead Heath
e,SN_7299,Harlesden
e,SN_7300,Harringay Green Lanes
e,SN_7301,Harrow and Wealdstone
e,SN_7302,Hassocks
e,SN_7303,Hatch End
e,SN_7304,Haywards Heath
e,SN_7305,Headstone Lane
e,SN_7306,Hemel Hempstead
e,SN_7307,Hever
e,SN_7308,High Brooms
e,SN_7309,Highbury and Islington
e,SN_7310,Homerton
e,SN_7311,Honor Oak Park
e,SN_7312,Horley
e,SN_7313,Horsham
e,SN_7314,Horsley
e,SN_7315,Hurst Green
e,SN_7316,Ifield
e,SN_7317,Kenley
e,SN_7318,Kensal Green
e,SN_7319,Kensal Rise
e,SN_7320,Kensington (Olympia)
e,SN_7321,Kentish Town West
e,SN_7322,Kenton
e,SN_7323,Kew Gardens
e,SN_7324,Kilburn High Road
e,SN_7325,Kings Langley
e,SN_7326,Kingswood
e,SN_7327,Leamington Spa
e,SN_7328,Leatherhead
e,SN_7329,Leigh
e,SN_7330,Leighton Buzzard
e,SN_7331,Leyton Midland Road
e,SN_7332,Leytonstone High Road
e,SN_7333,Lingfield
e,SN_7334,Littlehaven
e,SN_7335,London Bridge
e,SN_7336,London Charing Cross
e,SN_7337,London Euston
e,SN_7338,London Paddington
e,SN_7339,London Road
e,SN_7340,London Victoria
e,SN_7341,London Waterloo
e,SN_7342,Macclesfield
e,SN_7343,Manchester Piccadilly
e,SN_7344,Merstham
e,SN_7345,Milton Keynes Central
e,SN_7346,Morden South
e,SN_7347,New Cross Gate
e,SN_7348,Norbury
e,SN_7349,North Dulwich
e,SN_7350,North Wembley
e,SN_7351,Northampton
e,SN_7352,Norwood Junction
e,SN_7353,Nutfield
e,SN_7354,Oxford
e,SN_7355,Oxted
e,SN_7356,Paddington
e,SN_7357,Peckham Rye
e,SN_7358,Penge West
e,SN_7359,Penshurst
e,SN_7360,Preston Park
e,SN_7361,Purley
e,SN_7362,Purley Oaks
e,SN_7363,Queens Park
e,SN_7364,Queens Road Peckham
e,SN_7365,Reading
e,SN_7366,Redhill
e,SN_7367,Reedham
e,SN_7368,Reigate
e,SN_7369,Richmond
e,SN_7370,Riddlesdown
e,SN_7371,Salfords
e,SN_7372,Sanderstead
e,SN_7373,Selhurst
e,SN_7374,Shepherd's Bush
e,SN_7375,Smitham
e,SN_7376,South Acton
e,SN_7377,South Bermondsey
e,SN_7378,South Croydon
e,SN_7379,South Hampstead
e,SN_7380,South Kenton
e,SN_7381,South Merton
e,SN_7382,South Tottenham
e,SN_7383,St Helier
e,SN_7384,Stafford
e,SN_7385,Stockport
e,SN_7386,Stoke-On-Trent
e,SN_7387,Stonebridge Park
e,SN_7388,Stratford
e,SN_7389,Streatham
e,SN_7390,Streatham Common
e,SN_7391,Streatham Hill
e,SN_7392,Sutton
e,SN_7393,Sutton Common
e,SN_7394,Sydenham
e,SN_7395,Tadworth
e,SN_7396,Tattenham Corner
e,SN_7397,Thornton Heath
e,SN_7398,Three Bridges
e,SN_7399,Tonbridge
e,SN_7400,Tring
e,SN_7401,Tulse Hill
e,SN_7402,Tunbridge Wells
e,SN_7403,Uckfield
e,SN_7404,Upper Holloway
e,SN_7405,Upper Warlingham
e,SN_7406,Victoria
e,SN_7407,Waddon
e,SN_7408,Wallington
e,SN_7409,Walthamstow Queens Road
e,SN_7410,Wandsworth Common
e,SN_7411,Wanstead Park
e,SN_7412,Waterloo
e,SN_7413,Watford High Street
e,SN_7414,Watford Junction
e,SN_7415,Wembley Central
e,SN_7416,West Brompton
e,SN_7417,West Croydon
e,SN_7418,West Hampstead
e,SN_7419,West Norwood
e,SN_7420,West Sutton
e,SN_7421,Whyteleafe
e,SN_7422,Whyteleafe South
e,SN_7423,Willesden Junction
e,SN_7424,Wimbledon
e,SN_7425,Wimbledon Chase
e,SN_7426,Wivelsfield
e,SN_7427,Woldingham
e,SN_7428,Wolverhampton
e,SN_7429,Wolverton
e,SN_7430,Woodgrange Park
e,SN_7431,Woodmansterne
e,SN_7432,Dalston Junction
e,SN_7433,Haggerston
e,SN_7434,Hoxton
e,SN_7435,Shoreditch High Street
e,SN_7436,Whitechapel
e,SN_7437,Shadwell
e,SN_7438,Wapping
e,SN_7439,Rotherhithe
e,SN_7440,Canada Water
e,SN_7441,Surrey Quays
e,SN_7442,New Cross  
e,SN_7443,Surrey Canal Road
e,SN_7444,Denmark Hill
e,SN_7445,Clapham High Street
e,SN_7446,Wandsworth Road
m,SN_7447,Imperial Wharf
m,SN_7448,Custom House
m,SN_7449,Woolwich
m,SN_7450,Fenchurch Street
m,SN_7451,Liverpool Street  
m,SN_7452,Limehouse     
m,SN_7453,West Ham      
m,SN_7454,Stratford    
m,SN_7455,Barking   
m,SN_7456,Dagenham Dock     
m,SN_7457,Upminster  
m,SN_7458,Rainham     
m,SN_7459,Ockendon
m,SN_7460,Purfleet     
m,SN_7461,Chafford Hundred
m,SN_7462,Grays     
m,SN_7463,West Horndon
m,SN_7464,Tilbury Town     
m,SN_7465,Tilbury Riverside     
m,SN_7466,East Tilbury     
m,SN_7467,Laindon
m,SN_7468,Stanford-le-Hope     
m,SN_7469,Basildon
m,SN_7470,Pitsea
m,SN_7471,Benfleet
m,SN_7472,Leigh-on-Sea   
m,SN_7473,Chalkwell
m,SN_7474,Westcliff   
m,SN_7475,Southend Central
m,SN_7476,Southend East   
m,SN_7477,Thorpe Bay
m,SN_7478,Shoeburyness   
m,SN_7479,Abbey wood
m,SN_7480,Acton Mainline
m,SN_7481,Albany Park
m,SN_7482,Aldermaston
m,SN_7483,Althorne
m,SN_7484,Angel Road
m,SN_7485,Appleford
m,SN_7486,Arlesford
m,SN_7487,Audley End
m,SN_7488,Barking
m,SN_7489,Barnehurst
m,SN_7490,Battelsbridge
m,SN_7491,Bedford
m,SN_7492,Bedwyn
m,SN_7493,Belevedere
m,SN_7494,Bethnal Green
m,SN_7495,Bexley
m,SN_7496,Bexleyheath
m,SN_7497,Billericay
m,SN_7498,bishop Stortford
m,SN_7499,Blackheath
m,SN_7500,Bond Street
m,SN_7501,Bourne end
m,SN_7502,Braintree freeport
m,SN_7503,Breanwood
m,SN_7504,Brimsdown
m,SN_7505,Bristol
m,SN_7506,Broxbourne
m,SN_7507,Bruce Grove
m,SN_7508,Burnham
m,SN_7509,Burnham on Crouch
m,SN_7510,Bush Hill Park
m,SN_7511,Cambridge
m,SN_7512,Canary Wharf
m,SN_7513,Cannon Street
m,SN_7514,Cardiff Central
m,SN_7515,Castle Bar park
m,SN_7516,Chadwell Heath
m,SN_7517,Charlton 
m,SN_7518,Chatham
m,SN_7519,Chelmsford
m,SN_7520,Cheshunt
m,SN_7521,Chingford
m,SN_7522,Cholsey
m,SN_7523,Clacton on sea
m,SN_7524,Clapton
m,SN_7525,Colchester
m,SN_7526,Colchester town
m,SN_7527,Cookham
m,SN_7528,Coulsdon town
m,SN_7529,Crayford
m,SN_7530,Cressing
m,SN_7531,Culham
m,SN_7532,Dagenham Dock
m,SN_7533,Dartford
m,SN_7534,Deptford
m,SN_7535,Derby Road
m,SN_7536,didcot parkway
m,SN_7537,Diss
m,SN_7538,Dovercourt
m,SN_7539,Downham Market
m,SN_7540,drayton Green
m,SN_7541,Ealing Broadway
m,SN_7542,Eat Tilbury
m,SN_7543,Edmonton Green
m,SN_7544,Elsenham
m,SN_7545,Eltham
m,SN_7546,Ely
m,SN_7547,Emerdon Park
m,SN_7548,Enfield Lock
m,SN_7549,Enfield town
m,SN_7550,Erith
m,SN_7551,Exeter
m,SN_7552,Falconwood
m,SN_7553,Farringdon
m,SN_7554,Felixtowe
m,SN_7555,Finsbury Park
m,SN_7556,forest Gate
m,SN_7557,Frinton on sea
m,SN_7558,Furze Platt
m,SN_7559,Gidea Park
m,SN_7560,Gillingham
m,SN_7561,Goodmayes
m,SN_7562,Goring & streatley
m,SN_7563,Gravesend
m,SN_7564,Grays
m,SN_7565,Great Bentley
m,SN_7566,Great Chesterford
m,SN_7567,Great Yarmouth
m,SN_7568,Greenford
m,SN_7569,Greenhithe for Bluewater
m,SN_7570,Greenwich
m,SN_7571,Hanwell
m,SN_7572,harlow mill
m,SN_7573,harlow town
m,SN_7574,Harold Wood
m,SN_7575,Harwich international
m,SN_7576,Harwich Town
m,SN_7577,Hayes & Harlington
m,SN_7578,Heathrow Airport Terminals 2 and 3
m,SN_7579,Heathrow Airport Terminals 1 and 2
m,SN_7580,Heathrow Airport
m,SN_7581,Heathrow Airport Central
m,SN_7582,Heathrow Airport Terminal 4
m,SN_7583,Heathrow Airport Terminal Five
m,SN_7584,Heathrow Airport Terminals 1 and 3
m,SN_7585,"Heathrow Airport Terminals 1, 2, 3"
m,SN_7586,Henley on thames
m,SN_7587,Herftford North
m,SN_7588,hertford east
m,SN_7589,heyford
m,SN_7590,Higham
m,SN_7591,Highams Park
m,SN_7592,Hither Green
m,SN_7593,Hockley
m,SN_7594,Hatfield Peveral
m,SN_7595,Hungerford
m,SN_7596,Hythe
m,SN_7597,Ilford
m,SN_7598,ingatestone
m,SN_7599,Ipswich
m,SN_7600,Iver
m,SN_7601,Kelvedon
m,SN_7602,Kidbrooke
m,SN_7603,Kings Lynn
m,SN_7604,kings sutton
m,SN_7605,kintbury
m,SN_7606,kirby Corss
m,SN_7607,Langley
m,SN_7608,Lee
m,SN_7609,Leigh on Sea
m,SN_7610,Lewisham
m,SN_7611,Limehouse
m,SN_7612,Littleport
m,SN_7613,Liverpool Street Crossrail
m,SN_7614,London Cannon Street
m,SN_7615,London Fields
m,SN_7616,London Liverpool Street
m,SN_7617,Luton
m,SN_7618,Maidenhead
m,SN_7619,Manningtree
m,SN_7620,manor park
m,SN_7621,Marks Tey
m,SN_7622,Marlow
m,SN_7623,Maryland
m,SN_7624,Maze Hill
m,SN_7625,Midgham
m,SN_7626,Mistley
m,SN_7627,Moorgate
m,SN_7628,Mottingham
m,SN_7629,Needham Market
m,SN_7630,New Eltham
m,SN_7631,Newbury
m,SN_7632,Newbury Racecourse
m,SN_7633,Newington
m,SN_7634,Newport
m,SN_7635,North Farmbridge
m,SN_7636,Northfleet
m,SN_7637,Northumberland Park
m,SN_7638,Norwich
m,SN_7639,Nunhead
m,SN_7640,Pangbourne
m,SN_7641,Plumstead
m,SN_7642,Plymouth
m,SN_7643,Ponders End
m,SN_7644,Priottlewell
m,SN_7645,Purfleet
m,SN_7646,Radley
m,SN_7647,Rainham
m,SN_7648,Rayleigh
m,SN_7649,Reading
m,SN_7650,Reading West
m,SN_7651,Rectory Road
m,SN_7652,Rochester
m,SN_7653,Rochford
m,SN_7654,Romford
m,SN_7655,Roydon
m,SN_7656,sawbridgeworth
m,SN_7657,Seven Kings
m,SN_7658,Seven Sisters
m,SN_7659,Shelford
m,SN_7660,Shenfield
m,SN_7661,shiplake
m,SN_7662,Shoeburyness
m,SN_7663,Sidcup
m,SN_7664,Silver Street
m,SN_7665,Sittingbourne
m,SN_7666,Slade Green
m,SN_7667,Slough
m,SN_7668,South Greenford
m,SN_7669,South Woodham Ferrers
m,SN_7670,southall
m,SN_7671,southbury
m,SN_7672,southend Airport
m,SN_7673,Southend East
m,SN_7674,southend Victoria
m,SN_7675,Southminster
m,SN_7676,Sowmarket
m,SN_7677,St Albans
m,SN_7678,St James Street
m,SN_7679,St Johns 
m,SN_7680,Stamford hill
m,SN_7681,Stanford-le-hope
m,SN_7682,Stanstead Airport
m,SN_7683,Stanstead mount fitchet
m,SN_7684,Stevenage
m,SN_7685,Stoke Newington
m,SN_7686,Stone Crossing
m,SN_7687,Stratford
m,SN_7688,Strood
m,SN_7689,Swanscome
m,SN_7690,Swansea
m,SN_7691,Swindon
m,SN_7692,tackley
m,SN_7693,Taplow
m,SN_7694,Terminal 4
m,SN_7695,Terminal 5
m,SN_7696,Thatcham
m,SN_7697,theale
m,SN_7698,Theobalds Grove
m,SN_7699,Thorpe Le soken
m,SN_7700,Tilbury town
m,SN_7701,tilehurst
m,SN_7702,Tottenham court road
m,SN_7703,Tottenham Hale
m,SN_7704,Trimley
m,SN_7705,Turkey Street
m,SN_7706,Twyford
m,SN_7707,Upminster
m,SN_7708,Walthamstow Central
m,SN_7709,Walton on the naze
m,SN_7710,ware
m,SN_7711,wargrave
m,SN_7712,Waterbeach
m,SN_7713,Watham Cross
m,SN_7714,Watlington
m,SN_7715,Weeley
m,SN_7716,Welling
m,SN_7717,Welwyn Garden City
m,SN_7718,West Drayton
m,SN_7719,West Ealing
m,SN_7720,West ham
m,SN_7721,Westcliffe
m,SN_7722,Westcome Park
m,SN_7723,Westerfield
m,SN_7724,White Hart Lane
m,SN_7725,White notley
m,SN_7726,Whitechapel
m,SN_7727,Whittlesford Parkway
m,SN_7728,Wickford
m,SN_7729,Windsor and Eton Central
m,SN_7730,Witham
m,SN_7731,Wivenhoe
m,SN_7732,Wood Street
m,SN_7733,Woolwich  
m,SN_7734,Woolwich Arsenal
m,SN_7735,Woolwich Crossrail
m,SN_7736,Woolwich dockyard
m,SN_7737,Wrabness
m,SN_7738,Acton Town
m,SN_7739,Aldgate
m,SN_7740,Aldgate East
m,SN_7741,Alperton
m,SN_7742,Amersham
m,SN_7743,Angel
m,SN_7744,Archway
m,SN_7745,Arnos Grove
m,SN_7746,Arsenal
m,SN_7747,Baker Street
m,SN_7748,Balham
m,SN_7749,Bank
m,SN_7750,Barbican
m,SN_7751,Barkingside
m,SN_7752,Barons Court
m,SN_7753,Bayswater
m,SN_7754,Becontree
m,SN_7755,Belsize Park
m,SN_7756,Bermondsey
m,SN_7757,Blackfriars
m,SN_7758,Blackhorse Road
m,SN_7759,Borough
m,SN_7760,Boston Manor
m,SN_7761,Bounds Green
m,SN_7762,Bow Road
m,SN_7763,Brent Cross
m,SN_7764,Brixton
m,SN_7765,Bromley-by-Bow
m,SN_7766,Buckhurst Hill
m,SN_7767,Burnt Oak
m,SN_7768,Caledonian Road
m,SN_7769,Camden Town
m,SN_7770,Canada Water
m,SN_7771,Canning Town
m,SN_7772,Canons Park
m,SN_7773,Chalfont & Latimer
m,SN_7774,Chalk Farm
m,SN_7775,Chancery Lane
m,SN_7776,Charing Cross
m,SN_7777,Chesham
m,SN_7778,Chigwell
m,SN_7779,Chiswick Park
m,SN_7780,Chorleywood
m,SN_7781,Clapham Common
m,SN_7782,Clapham North
m,SN_7783,Clapham South
m,SN_7784,Cockfosters
m,SN_7785,Colindale
m,SN_7786,Colliers Wood
m,SN_7787,Covent Garden
m,SN_7788,Croxley
m,SN_7789,Dagenham East
m,SN_7790,Dagenham Heathway
m,SN_7791,Debden
m,SN_7792,Dollis Hill
m,SN_7793,Ealing Common
m,SN_7794,Earl's Court
m,SN_7795,East Acton
m,SN_7796,East Finchley
m,SN_7797,East Ham
m,SN_7798,East Putney
m,SN_7799,Eastcote
m,SN_7800,Edgware
m,SN_7801,Edgware Road
m,SN_7802,Elephant & Castle
m,SN_7803,Elm Park
m,SN_7804,Embankment
m,SN_7805,Epping
m,SN_7806,Euston
m,SN_7807,Euston Square
m,SN_7808,Fairlop
m,SN_7809,Finchley Central
m,SN_7810,Finchley Road
m,SN_7811,Fulham Broadway
m,SN_7812,Gants Hill
m,SN_7813,Gloucester Road
m,SN_7814,Golders Green
m,SN_7815,Goldhawk Road
m,SN_7816,Goodge Street
m,SN_7817,Grange Hill
m,SN_7818,Great Portland Street
m,SN_7819,Green Park
m,SN_7820,Gunnersbury
m,SN_7821,Hainault
m,SN_7822,Hammersmith
m,SN_7823,Hampstead
m,SN_7824,Hanger Lane
m,SN_7825,Harlesden
m,SN_7826,Harrow-on-the-Hill
m,SN_7827,Hatton Cross
m,SN_7828,"Heathrow Terminals 1, 2, 3"
m,SN_7829,Heathrow Terminal 4
m,SN_7830,Heathrow Terminal 5
m,SN_7831,Hendon Central
m,SN_7832,High Barnet
m,SN_7833,Highbury & Islington
m,SN_7834,Highgate
m,SN_7835,High Street Kensington
m,SN_7836,Hillingdon
m,SN_7837,Holborn
m,SN_7838,Holland Park
m,SN_7839,Holloway Road
m,SN_7840,Hornchurch
m,SN_7841,Hounslow Central
m,SN_7842,Hounslow East
m,SN_7843,Hounslow West
m,SN_7844,Hyde Park Corner
m,SN_7845,Ickenham
m,SN_7846,Kennington
m,SN_7847,Kensal Green
m,SN_7848,Kensington (Olympia)
m,SN_7849,Kentish Town
m,SN_7850,Kenton
m,SN_7851,Kew Gardens
m,SN_7852,Kilburn
m,SN_7853,Kilburn Park
m,SN_7854,Kingsbury
m,SN_7855,King's Cross St. Pancras
m,SN_7856,Knightsbridge
m,SN_7857,Ladbroke Grove
m,SN_7858,Lambeth North
m,SN_7859,Lancaster Gate
m,SN_7860,Latimer Road
m,SN_7861,Leicester Square
m,SN_7862,Leyton
m,SN_7863,Leytonstone
m,SN_7864,Liverpool Street
m,SN_7865,London Bridge
m,SN_7866,Loughton
m,SN_7867,Maida Vale
m,SN_7868,Manor House
m,SN_7869,Mansion House
m,SN_7870,Marble Arch
m,SN_7871,Marylebone
m,SN_7872,Mile End
m,SN_7873,Mill Hill East
m,SN_7874,Monument
m,SN_7875,Moor Park
m,SN_7876,Morden
m,SN_7877,Mornington Crescent
m,SN_7878,Neasden
m,SN_7879,Newbury Park
m,SN_7880,North Acton
m,SN_7881,North Ealing
m,SN_7882,North Greenwich
m,SN_7883,North Harrow
m,SN_7884,North Wembley
m,SN_7885,Northfields
m,SN_7886,Northolt
m,SN_7887,Northwick Park
m,SN_7888,Northwood
m,SN_7889,Northwood Hills
m,SN_7890,Notting Hill Gate
m,SN_7891,Oakwood
m,SN_7892,Old Street
m,SN_7893,Osterley
m,SN_7894,Oval
m,SN_7895,Oxford Circus
m,SN_7896,Paddington
m,SN_7897,Park Royal
m,SN_7898,Parsons Green
m,SN_7899,Perivale
m,SN_7900,Piccadilly Circus
m,SN_7901,Pimlico
m,SN_7902,Pinner
m,SN_7903,Plaistow
m,SN_7904,Preston Road
m,SN_7905,Putney Bridge
m,SN_7906,Queen's Park
m,SN_7907,Queensbury
m,SN_7908,Queensway
m,SN_7909,Ravenscourt Park
m,SN_7910,Rayners Lane
m,SN_7911,Redbridge
m,SN_7912,Regent's Park
m,SN_7913,Richmond
m,SN_7914,Rickmansworth
m,SN_7915,Roding Valley
m,SN_7916,Royal Oak
m,SN_7917,Ruislip
m,SN_7918,Ruislip Gardens
m,SN_7919,Ruislip Manor
m,SN_7920,Russell Square
m,SN_7921,St. James's Park
m,SN_7922,St. John's Wood
m,SN_7923,St. Paul's
m,SN_7924,Shepherd's Bush
m,SN_7925,Shepherd's Bush Market
m,SN_7926,Sloane Square
m,SN_7927,Snaresbrook
m,SN_7928,South Ealing
m,SN_7929,South Harrow
m,SN_7930,South Kensington
m,SN_7931,South Kenton
m,SN_7932,South Ruislip
m,SN_7933,South Wimbledon
m,SN_7934,South Woodford
m,SN_7935,Southfields
m,SN_7936,Southgate
m,SN_7937,Southwark
m,SN_7938,Stamford Brook
m,SN_7939,Stanmore
m,SN_7940,Stepney Green
m,SN_7941,Stockwell
m,SN_7942,Stonebridge Park
m,SN_7943,Sudbury Hill
m,SN_7944,Sudbury Town
m,SN_7945,Swiss Cottage
m,SN_7946,Temple
m,SN_7947,Theydon Bois
m,SN_7948,Tooting Bec
m,SN_7949,Tooting Broadway
m,SN_7950,Totteridge & Whetstone
m,SN_7951,Tower Hill
m,SN_7952,Tufnell Park
m,SN_7953,Turnham Green
m,SN_7954,Turnpike Lane
m,SN_7955,Upminster Bridge
m,SN_7956,Upney
m,SN_7957,Upton Park
m,SN_7958,Uxbridge
m,SN_7959,Vauxhall
m,SN_7960,Victoria
m,SN_7961,Wanstead
m,SN_7962,Warren Street
m,SN_7963,Warwick Avenue
m,SN_7964,Waterloo
m,SN_7965,Watford
m,SN_7966,Wembley Park
m,SN_7967,West Acton
m,SN_7968,West Brompton
m,SN_7969,West Finchley
m,SN_7970,West Hampstead
m,SN_7971,West Harrow
m,SN_7972,West Kensington
m,SN_7973,West Ruislip
m,SN_7974,Westbourne Park
m,SN_7975,Westminster
m,SN_7976,White City
m,SN_7977,Willesden Green
m,SN_7978,Willesden Junction
m,SN_7979,Wimbledon
m,SN_7980,Wimbledon Park
m,SN_7981,Wood Green
m,SN_7982,Wood Lane
m,SN_7983,Woodford
m,SN_7984,Woodside Park
m,SN_7985,Abbey Road
m,SN_7986,All Saints
m,SN_7987,Beckton
m,SN_7988,Beckton Park
m,SN_7989,Blackwall
m,SN_7990,Bow Church
m,SN_7991,Crossharbour
m,SN_7992,Custom House 
m,SN_7993,Cutty Sark
m,SN_7994,Cyprus
m,SN_7995,Deptford Bridge
m,SN_7996,Devons Road
m,SN_7997,East India
m,SN_7998,Elverson Road
m,SN_7999,Gallions Reach
m,SN_8000,Heron Quays
m,SN_8001,Island Gardens
m,SN_8002,King George V
m,SN_8003,Langdon Park
m,SN_8004,London City Airport
m,SN_8005,Mudchute
m,SN_8006,Pontoon Dock
m,SN_8007,Poplar
m,SN_8008,Prince Regent
m,SN_8009,Pudding Mill Lane
m,SN_8010,Royal Albert
m,SN_8011,Royal Victoria
m,SN_8012,Shadwell
m,SN_8013,South Quay
m,SN_8014,Star Lane
m,SN_8015,Stratford High Street
m,SN_8016,Stratford International
m,SN_8017,Tower Gateway
m,SN_8018,West India Quay
m,SN_8019,West Silvertown
m,SN_8020,Westferry
m,SN_8021,Berkhamstead
m,SN_8022,Waltham Cross
m,SN_8023,Rye House
m,SN_8024,St Margarets
m,SN_8025,Elsenham
m,SN_8026,Brentwood 
e,SN_8027,Imperial Wharf
e,SN_8028,Custom House
e,SN_8029,Woolwich
e,SN_8030,Fenchurch Street
e,SN_8031,Liverpool Street
e,SN_8032,Limehouse
e,SN_8033,West Ham      
e,SN_8034,Stratford
e,SN_8035,Barking
e,SN_8036,Dagenham Dock
e,SN_8037,Upminster  
e,SN_8038,Rainham     
e,SN_8039,Ockendon
e,SN_8040,Purfleet     
e,SN_8041,Chafford Hundred
e,SN_8042,Grays     
e,SN_8043,West Horndon
e,SN_8044,Tilbury Town     
e,SN_8045,Tilbury Riverside     
e,SN_8046,East Tilbury     
e,SN_8047,Laindon
e,SN_8048,Stanford-le-Hope     
e,SN_8049,Basildon
e,SN_8050,Pitsea
e,SN_8051,Benfleet
e,SN_8052,Leigh-on-Sea   
e,SN_8053,Chalkwell
e,SN_8054,Westcliff   
e,SN_8055,Southend Central
e,SN_8056,Southend East   
e,SN_8057,Thorpe Bay
e,SN_8058,Shoeburyness   
e,SN_8059,Abbey wood
e,SN_8060,Acton Mainline
e,SN_8061,Albany Park
e,SN_8062,Aldermaston
e,SN_8063,Althorne
e,SN_8064,Angel Road
e,SN_8065,Appleford
e,SN_8066,Arlesford
e,SN_8067,Audley End
e,SN_8068,Barking
e,SN_8069,Barnehurst
e,SN_8070,Battelsbridge
e,SN_8071,Bedford
e,SN_8072,Bedwyn
e,SN_8073,Belevedere
e,SN_8074,Bethnal Green
e,SN_8075,Bexley
e,SN_8076,Bexleyheath
e,SN_8077,Billericay
e,SN_8078,bishop Stortford
e,SN_8079,Blackheath
e,SN_8080,Bond Street
e,SN_8081,Bourne end
e,SN_8082,Braintree freeport
e,SN_8083,Breanwood
e,SN_8084,Brimsdown
e,SN_8085,Bristol
e,SN_8086,Broxbourne
e,SN_8087,Bruce Grove
e,SN_8088,Burnham
e,SN_8089,Burnham on Crouch
e,SN_8090,Bush Hill Park
e,SN_8091,Cambridge
e,SN_8092,Canary Wharf
e,SN_8093,Cannon Street
e,SN_8094,Cardiff Central
e,SN_8095,Castle Bar park
e,SN_8096,Chadwell Heath
e,SN_8097,Charlton 
e,SN_8098,Chatham
e,SN_8099,Chelmsford
e,SN_8100,Cheshunt
e,SN_8101,Chingford
e,SN_8102,Cholsey
e,SN_8103,Clacton on sea
e,SN_8104,Clapton
e,SN_8105,Colchester
e,SN_8106,Colchester town
e,SN_8107,Cookham
e,SN_8108,Coulsdon town
e,SN_8109,Crayford
e,SN_8110,Cressing
e,SN_8111,Culham
e,SN_8112,Dagenham Dock
e,SN_8113,Dartford
e,SN_8114,Deptford
e,SN_8115,Derby Road
e,SN_8116,didcot parkway
e,SN_8117,Diss
e,SN_8118,Dovercourt
e,SN_8119,Downham Market
e,SN_8120,drayton Green
e,SN_8121,Ealing Broadway
e,SN_8122,Eat Tilbury
e,SN_8123,Edmonton Green
e,SN_8124,Elsenham
e,SN_8125,Eltham
e,SN_8126,Ely
e,SN_8127,Emerdon Park
e,SN_8128,Enfield Lock
e,SN_8129,Enfield town
e,SN_8130,Erith
e,SN_8131,Exeter
e,SN_8132,Falconwood
e,SN_8133,Farringdon
e,SN_8134,Felixtowe
e,SN_8135,Finsbury Park
e,SN_8136,forest Gate
e,SN_8137,Frinton on sea
e,SN_8138,Furze Platt
e,SN_8139,Gidea Park
e,SN_8140,Gillingham
e,SN_8141,Goodmayes
e,SN_8142,Goring & streatley
e,SN_8143,Gravesend
e,SN_8144,Grays
e,SN_8145,Great Bentley
e,SN_8146,Great Chesterford
e,SN_8147,Great Yarmouth
e,SN_8148,Greenford
e,SN_8149,Greenhithe for Bluewater
e,SN_8150,Greenwich
e,SN_8151,Hanwell
e,SN_8152,harlow mill
e,SN_8153,harlow town
e,SN_8154,Harold Wood
e,SN_8155,Harwich international
e,SN_8156,Harwich Town
e,SN_8157,Hayes & Harlington
e,SN_8158,Heathrow Airport Terminals 2 and 3
e,SN_8159,Heathrow Airport Terminals 1 and 2
e,SN_8160,Heathrow Airport
e,SN_8161,Heathrow Airport Central
e,SN_8162,Heathrow Airport Terminal 4
e,SN_8163,Heathrow Airport Terminal Five
e,SN_8164,Heathrow Airport Terminals 1 and 3
e,SN_8165,"Heathrow Airport Terminals 1, 2, 3"
e,SN_8166,Henley on thames
e,SN_8167,Herftford North
e,SN_8168,hertford east
e,SN_8169,heyford
e,SN_8170,Higham
e,SN_8171,Highams Park
e,SN_8172,Hither Green
e,SN_8173,Hockley
e,SN_8174,Hatfield Peveral
e,SN_8175,Hungerford
e,SN_8176,Hythe
e,SN_8177,Ilford
e,SN_8178,ingatestone
e,SN_8179,Ipswich
e,SN_8180,Iver
e,SN_8181,Kelvedon
e,SN_8182,Kidbrooke
e,SN_8183,Kings Lynn
e,SN_8184,kings sutton
e,SN_8185,kintbury
e,SN_8186,kirby Corss
e,SN_8187,Langley
e,SN_8188,Lee
e,SN_8189,Leigh on Sea
e,SN_8190,Lewisham
e,SN_8191,Limehouse
e,SN_8192,Littleport
e,SN_8193,Liverpool Street Crossrail
e,SN_8194,London Cannon Street
e,SN_8195,London Fields
e,SN_8196,London Liverpool Street
e,SN_8197,Luton
e,SN_8198,Maidenhead
e,SN_8199,Manningtree
e,SN_8200,manor park
e,SN_8201,Marks Tey
e,SN_8202,Marlow
e,SN_8203,Maryland
e,SN_8204,Maze Hill
e,SN_8205,Midgham
e,SN_8206,Mistley
e,SN_8207,Moorgate
e,SN_8208,Mottingham
e,SN_8209,Needham Market
e,SN_8210,New Eltham
e,SN_8211,Newbury
e,SN_8212,Newbury Racecourse
e,SN_8213,Newington
e,SN_8214,Newport
e,SN_8215,North Farmbridge
e,SN_8216,Northfleet
e,SN_8217,Northumberland Park
e,SN_8218,Norwich
e,SN_8219,Nunhead
e,SN_8220,Pangbourne
e,SN_8221,Plumstead
e,SN_8222,Plymouth
e,SN_8223,Ponders End
e,SN_8224,Priottlewell
e,SN_8225,Purfleet
e,SN_8226,Radley
e,SN_8227,Rainham
e,SN_8228,Rayleigh
e,SN_8229,Reading
e,SN_8230,Reading West
e,SN_8231,Rectory Road
e,SN_8232,Rochester
e,SN_8233,Rochford
e,SN_8234,Romford
e,SN_8235,Roydon
e,SN_8236,sawbridgeworth
e,SN_8237,Seven Kings
e,SN_8238,Seven Sisters
e,SN_8239,Shelford
e,SN_8240,Shenfield
e,SN_8241,shiplake
e,SN_8242,Shoeburyness
e,SN_8243,Sidcup
e,SN_8244,Silver Street
e,SN_8245,Sittingbourne
e,SN_8246,Slade Green
e,SN_8247,Slough
e,SN_8248,South Greenford
e,SN_8249,South Woodham Ferrers
e,SN_8250,southall
e,SN_8251,southbury
e,SN_8252,southend Airport
e,SN_8253,Southend East
e,SN_8254,southend Victoria
e,SN_8255,Southminster
e,SN_8256,Sowmarket
e,SN_8257,St Albans
e,SN_8258,St James Street
e,SN_8259,St Johns 
e,SN_8260,Stamford hill
e,SN_8261,Stanford-le-hope
e,SN_8262,Stanstead Airport
e,SN_8263,Stanstead mount fitchet
e,SN_8264,Stevenage
e,SN_8265,Stoke Newington
e,SN_8266,Stone Crossing
e,SN_8267,Stratford
e,SN_8268,Strood
e,SN_8269,Swanscome
e,SN_8270,Swansea
e,SN_8271,Swindon
e,SN_8272,tackley
e,SN_8273,Taplow
e,SN_8274,Terminal 4
e,SN_8275,Terminal 5
e,SN_8276,Thatcham
e,SN_8277,theale
e,SN_8278,Theobalds Grove
e,SN_8279,Thorpe Le soken
e,SN_8280,Tilbury town
e,SN_8281,tilehurst
e,SN_8282,Tottenham court road
e,SN_8283,Tottenham Hale
e,SN_8284,Trimley
e,SN_8285,Turkey Street
e,SN_8286,Twyford
e,SN_8287,Upminster
e,SN_8288,Walthamstow Central
e,SN_8289,Walton on the naze
e,SN_8290,ware
e,SN_8291,wargrave
e,SN_8292,Waterbeach
e,SN_8293,Watham Cross
e,SN_8294,Watlington
e,SN_8295,Weeley
e,SN_8296,Welling
e,SN_8297,Welwyn Garden City
e,SN_8298,West Drayton
e,SN_8299,West Ealing
e,SN_8300,West ham
e,SN_8301,Westcliffe
e,SN_8302,Westcome Park
e,SN_8303,Westerfield
e,SN_8304,White Hart Lane
e,SN_8305,White notley
e,SN_8306,Whitechapel
e,SN_8307,Whittlesford Parkway
e,SN_8308,Wickford
e,SN_8309,Windsor and Eton Central
e,SN_8310,Witham
e,SN_8311,Wivenhoe
e,SN_8312,Wood Street
e,SN_8313,Woolwich  
e,SN_8314,Woolwich Arsenal
e,SN_8315,Woolwich Crossrail
e,SN_8316,Woolwich dockyard
e,SN_8317,Wrabness
e,SN_8318,Acton Town
e,SN_8319,Aldgate
e,SN_8320,Aldgate East
e,SN_8321,Alperton
e,SN_8322,Amersham
e,SN_8323,Angel
e,SN_8324,Archway
e,SN_8325,Arnos Grove
e,SN_8326,Arsenal
e,SN_8327,Baker Street
e,SN_8328,Balham
e,SN_8329,Bank
e,SN_8330,Barbican
e,SN_8331,Barkingside
e,SN_8332,Barons Court
e,SN_8333,Bayswater
e,SN_8334,Becontree
e,SN_8335,Belsize Park
e,SN_8336,Bermondsey
e,SN_8337,Blackfriars
e,SN_8338,Blackhorse Road
e,SN_8339,Borough
e,SN_8340,Boston Manor
e,SN_8341,Bounds Green
e,SN_8342,Bow Road
e,SN_8343,Brent Cross
e,SN_8344,Brixton
e,SN_8345,Bromley-by-Bow
e,SN_8346,Buckhurst Hill
e,SN_8347,Burnt Oak
e,SN_8348,Caledonian Road
e,SN_8349,Camden Town
e,SN_8350,Canada Water
e,SN_8351,Canning Town
e,SN_8352,Canons Park
e,SN_8353,Chalfont & Latimer
e,SN_8354,Chalk Farm
e,SN_8355,Chancery Lane
e,SN_8356,Charing Cross
e,SN_8357,Chesham
e,SN_8358,Chigwell
e,SN_8359,Chiswick Park
e,SN_8360,Chorleywood
e,SN_8361,Clapham Common
e,SN_8362,Clapham North
e,SN_8363,Clapham South
e,SN_8364,Cockfosters
e,SN_8365,Colindale
e,SN_8366,Colliers Wood
e,SN_8367,Covent Garden
e,SN_8368,Croxley
e,SN_8369,Dagenham East
e,SN_8370,Dagenham Heathway
e,SN_8371,Debden
e,SN_8372,Dollis Hill
e,SN_8373,Ealing Common
e,SN_8374,Earl's Court
e,SN_8375,East Acton
e,SN_8376,East Finchley
e,SN_8377,East Ham
e,SN_8378,East Putney
e,SN_8379,Eastcote
e,SN_8380,Edgware
e,SN_8381,Edgware Road
e,SN_8382,Elephant & Castle
e,SN_8383,Elm Park
e,SN_8384,Embankment
e,SN_8385,Epping
e,SN_8386,Euston
e,SN_8387,Euston Square
e,SN_8388,Fairlop
e,SN_8389,Finchley Central
e,SN_8390,Finchley Road
e,SN_8391,Fulham Broadway
e,SN_8392,Gants Hill
e,SN_8393,Gloucester Road
e,SN_8394,Golders Green
e,SN_8395,Goldhawk Road
e,SN_8396,Goodge Street
e,SN_8397,Grange Hill
e,SN_8398,Great Portland Street
e,SN_8399,Green Park
e,SN_8400,Gunnersbury
e,SN_8401,Hainault
e,SN_8402,Hammersmith
e,SN_8403,Hampstead
e,SN_8404,Hanger Lane
e,SN_8405,Harlesden
e,SN_8406,Harrow-on-the-Hill
e,SN_8407,Hatton Cross
e,SN_8408,"Heathrow Terminals 1, 2, 3"
e,SN_8409,Heathrow Terminal 4
e,SN_8410,Heathrow Terminal 5
e,SN_8411,Hendon Central
e,SN_8412,High Barnet
e,SN_8413,Highbury & Islington
e,SN_8414,Highgate
e,SN_8415,High Street Kensington
e,SN_8416,Hillingdon
e,SN_8417,Holborn
e,SN_8418,Holland Park
e,SN_8419,Holloway Road
e,SN_8420,Hornchurch
e,SN_8421,Hounslow Central
e,SN_8422,Hounslow East
e,SN_8423,Hounslow West
e,SN_8424,Hyde Park Corner
e,SN_8425,Ickenham
e,SN_8426,Kennington
e,SN_8427,Kensal Green
e,SN_8428,Kensington (Olympia)
e,SN_8429,Kentish Town
e,SN_8430,Kenton
e,SN_8431,Kew Gardens
e,SN_8432,Kilburn
e,SN_8433,Kilburn Park
e,SN_8434,Kingsbury
e,SN_8435,King's Cross St. Pancras
e,SN_8436,Knightsbridge
e,SN_8437,Ladbroke Grove
e,SN_8438,Lambeth North
e,SN_8439,Lancaster Gate
e,SN_8440,Latimer Road
e,SN_8441,Leicester Square
e,SN_8442,Leyton
e,SN_8443,Leytonstone
e,SN_8444,Liverpool Street
e,SN_8445,London Bridge
e,SN_8446,Loughton
e,SN_8447,Maida Vale
e,SN_8448,Manor House
e,SN_8449,Mansion House
e,SN_8450,Marble Arch
e,SN_8451,Marylebone
e,SN_8452,Mile End
e,SN_8453,Mill Hill East
e,SN_8454,Monument
e,SN_8455,Moor Park
e,SN_8456,Morden
e,SN_8457,Mornington Crescent
e,SN_8458,Neasden
e,SN_8459,Newbury Park
e,SN_8460,North Acton
e,SN_8461,North Ealing
e,SN_8462,North Greenwich
e,SN_8463,North Harrow
e,SN_8464,North Wembley
e,SN_8465,Northfields
e,SN_8466,Northolt
e,SN_8467,Northwick Park
e,SN_8468,Northwood
e,SN_8469,Northwood Hills
e,SN_8470,Notting Hill Gate
e,SN_8471,Oakwood
e,SN_8472,Old Street
e,SN_8473,Osterley
e,SN_8474,Oval
e,SN_8475,Oxford Circus
e,SN_8476,Paddington
e,SN_8477,Park Royal
e,SN_8478,Parsons Green
e,SN_8479,Perivale
e,SN_8480,Piccadilly Circus
e,SN_8481,Pimlico
e,SN_8482,Pinner
e,SN_8483,Plaistow
e,SN_8484,Preston Road
e,SN_8485,Putney Bridge
e,SN_8486,Queen's Park
e,SN_8487,Queensbury
e,SN_8488,Queensway
e,SN_8489,Ravenscourt Park
e,SN_8490,Rayners Lane
e,SN_8491,Redbridge
e,SN_8492,Regent's Park
e,SN_8493,Richmond
e,SN_8494,Rickmansworth
e,SN_8495,Roding Valley
e,SN_8496,Royal Oak
e,SN_8497,Ruislip
e,SN_8498,Ruislip Gardens
e,SN_8499,Ruislip Manor
e,SN_8500,Russell Square
e,SN_8501,St. James's Park
e,SN_8502,St. John's Wood
e,SN_8503,St. Paul's
e,SN_8504,Shepherd's Bush
e,SN_8505,Shepherd's Bush Market
e,SN_8506,Sloane Square
e,SN_8507,Snaresbrook
e,SN_8508,South Ealing
e,SN_8509,South Harrow
e,SN_8510,South Kensington
e,SN_8511,South Kenton
e,SN_8512,South Ruislip
e,SN_8513,South Wimbledon
e,SN_8514,South Woodford
e,SN_8515,Southfields
e,SN_8516,Southgate
e,SN_8517,Southwark
e,SN_8518,Stamford Brook
e,SN_8519,Stanmore
e,SN_8520,Stepney Green
e,SN_8521,Stockwell
e,SN_8522,Stonebridge Park
e,SN_8523,Sudbury Hill
e,SN_8524,Sudbury Town
e,SN_8525,Swiss Cottage
e,SN_8526,Temple
e,SN_8527,Theydon Bois
e,SN_8528,Tooting Bec
e,SN_8529,Tooting Broadway
e,SN_8530,Totteridge & Whetstone
e,SN_8531,Tower Hill
e,SN_8532,Tufnell Park
e,SN_8533,Turnham Green
e,SN_8534,Turnpike Lane
e,SN_8535,Upminster Bridge
e,SN_8536,Upney
e,SN_8537,Upton Park
e,SN_8538,Uxbridge
e,SN_8539,Vauxhall
e,SN_8540,Victoria
e,SN_8541,Wanstead
e,SN_8542,Warren Street
e,SN_8543,Warwick Avenue
e,SN_8544,Waterloo
e,SN_8545,Watford
e,SN_8546,Wembley Park
e,SN_8547,West Acton
e,SN_8548,West Brompton
e,SN_8549,West Finchley
e,SN_8550,West Hampstead
e,SN_8551,West Harrow
e,SN_8552,West Kensington
e,SN_8553,West Ruislip
e,SN_8554,Westbourne Park
e,SN_8555,Westminster
e,SN_8556,White City
e,SN_8557,Willesden Green
e,SN_8558,Willesden Junction
e,SN_8559,Wimbledon
e,SN_8560,Wimbledon Park
e,SN_8561,Wood Green
e,SN_8562,Wood Lane
e,SN_8563,Woodford
e,SN_8564,Woodside Park
e,SN_8565,Abbey Road
e,SN_8566,All Saints
e,SN_8567,Beckton
e,SN_8568,Beckton Park
e,SN_8569,Blackwall
e,SN_8570,Bow Church
e,SN_8571,Crossharbour
e,SN_8572,Custom House 
e,SN_8573,Cutty Sark
e,SN_8574,Cyprus
e,SN_8575,Deptford Bridge
e,SN_8576,Devons Road
e,SN_8577,East India
e,SN_8578,Elverson Road
e,SN_8579,Gallions Reach
e,SN_8580,Heron Quays
e,SN_8581,Island Gardens
e,SN_8582,King George V
e,SN_8583,Langdon Park
e,SN_8584,London City Airport
e,SN_8585,Mudchute
e,SN_8586,Pontoon Dock
e,SN_8587,Poplar
e,SN_8588,Prince Regent
e,SN_8589,Pudding Mill Lane
e,SN_8590,Royal Albert
e,SN_8591,Royal Victoria
e,SN_8592,Shadwell
e,SN_8593,South Quay
e,SN_8594,Star Lane
e,SN_8595,Stratford High Street
e,SN_8596,Stratford International
e,SN_8597,Tower Gateway
e,SN_8598,West India Quay
e,SN_8599,West Silvertown
e,SN_8600,Westferry
e,SN_8601,Berkhamstead
e,SN_8602,Waltham Cross
e,SN_8603,Rye House
e,SN_8604,St Margarets
e,SN_8605,Elsenham
e,SN_8606,Brentwood
m,SN_8607,Liverpool Street Elizabeth line 
e,SN_8608,Liverpool Street Elizabeth line 
m,SN_8609,Woolwich Elizabeth line
e,SN_8610,Woolwich Elizabeth line
